#Time(s), Device ID, X,Y,Z
0.0, 0 ,280.0, 400.0 ,0.0
0.6, 0, 279.5 ,404.0, 0.0
1.2, 0, 279.0 ,407.9, 0.0
1.8, 0, 278.5 ,411.9, 0.0
2.4, 0, 278.1 ,415.9, 0.0
3.0, 0, 277.6 ,419.9, 0.0
3.6, 0, 277.1 ,423.8, 0.0
4.2, 0, 276.6 ,427.8, 0.0
4.8, 0, 276.1 ,431.8, 0.0
5.4, 0, 275.6 ,435.7, 0.0
6.0, 0, 275.1 ,439.7, 0.0
6.6, 0, 274.6 ,443.7, 0.0
7.2, 0, 274.2 ,447.6, 0.0
7.8, 0, 273.7 ,451.6, 0.0
8.4, 0, 273.2 ,455.6, 0.0
9.0, 0, 272.7 ,459.6, 0.0
9.6, 0, 272.2 ,463.5, 0.0
10.2, 0, 271.7 ,467.5, 0.0
10.8, 0, 271.2 ,471.5, 0.0
11.4, 0, 270.7 ,475.4, 0.0
12.0, 0, 270.3 ,479.4, 0.0
12.6, 0, 269.8 ,483.4, 0.0
13.2, 0, 269.3 ,487.3, 0.0
13.8, 0, 268.8 ,491.3, 0.0
14.4, 0, 268.3 ,495.3, 0.0
15.0, 0, 267.8 ,499.3, 0.0
15.6, 0, 267.3 ,503.2, 0.0
16.2, 0, 266.8 ,507.2, 0.0
16.8, 0, 266.4 ,511.2, 0.0
17.4, 0, 265.9 ,515.1, 0.0
18.0, 0, 265.4 ,519.1, 0.0
18.6, 0, 264.9 ,523.1, 0.0
19.2, 0, 264.4 ,527.0, 0.0
19.8, 0, 263.9 ,531.0, 0.0
20.4, 0, 263.4 ,535.0, 0.0
21.0, 0, 262.9 ,539.0, 0.0
21.6, 0, 262.5 ,542.9, 0.0
22.2, 0, 262.0 ,546.9, 0.0
22.8, 0, 261.5 ,550.9, 0.0
23.4, 0, 261.0 ,554.8, 0.0
24.0, 0, 260.5 ,558.8, 0.0
24.6, 0, 260.0 ,562.8, 0.0
25.2, 0, 259.5 ,566.7, 0.0
25.8, 0, 259.0 ,570.7, 0.0
26.4, 0, 258.6 ,574.7, 0.0
27.0, 0, 258.1 ,578.7, 0.0
27.6, 0, 257.6 ,582.6, 0.0
28.2, 0, 257.1 ,586.6, 0.0
28.8, 0, 256.6 ,590.6, 0.0
29.4, 0, 256.1 ,594.5, 0.0
30.0, 0, 255.6 ,598.5, 0.0
30.6, 0, 255.1 ,602.5, 0.0
31.2, 0, 254.7 ,606.4, 0.0
31.8, 0, 254.2 ,610.4, 0.0
32.4, 0, 253.7 ,614.4, 0.0
33.0, 0, 253.2 ,618.4, 0.0
33.6, 0, 252.7 ,622.3, 0.0
34.2, 0, 252.2 ,626.3, 0.0
34.8, 0, 251.7 ,630.3, 0.0
35.4, 0, 251.2 ,634.2, 0.0
36.0, 0, 250.8 ,638.2, 0.0
36.6, 0, 250.3 ,642.2, 0.0
37.2, 0, 249.8 ,646.2, 0.0
37.8, 0, 249.3 ,650.1, 0.0
38.4, 0, 248.8 ,654.1, 0.0
39.0, 0, 248.3 ,658.1, 0.0
39.6, 0, 247.8 ,662.0, 0.0
40.2, 0, 247.3 ,666.0, 0.0
40.8, 0, 246.9 ,670.0, 0.0
41.4, 0, 246.4 ,673.9, 0.0
42.0, 0, 245.9 ,677.9, 0.0
42.6, 0, 245.4 ,681.9, 0.0
43.2, 0, 244.9 ,685.9, 0.0
43.8, 0, 244.4 ,689.8, 0.0
44.4, 0, 243.9 ,693.8, 0.0
45.0, 0, 243.4 ,697.8, 0.0
45.6, 0, 243.0 ,701.7, 0.0
46.2, 0, 242.5 ,705.7, 0.0
46.8, 0, 242.0 ,709.7, 0.0
47.4, 0, 241.5 ,713.6, 0.0
48.0, 0, 241.0 ,717.6, 0.0
48.6, 0, 240.5 ,721.6, 0.0
49.2, 0, 240.0 ,725.6, 0.0
49.8, 0, 239.5 ,729.5, 0.0
50.4, 0, 239.1 ,733.5, 0.0
51.0, 0, 238.6 ,737.5, 0.0
51.6, 0, 238.1 ,741.4, 0.0
52.2, 0, 237.6 ,745.4, 0.0
52.8, 0, 237.1 ,749.4, 0.0
53.4, 0, 236.6 ,753.3, 0.0
54.0, 0, 236.1 ,757.3, 0.0
54.6, 0, 235.6 ,761.3, 0.0
55.2, 0, 235.2 ,765.3, 0.0
55.8, 0, 234.7 ,769.2, 0.0
56.4, 0, 234.2 ,773.2, 0.0
57.0, 0, 233.7 ,777.2, 0.0
57.6, 0, 233.2 ,781.1, 0.0
58.2, 0, 232.7 ,785.1, 0.0
58.8, 0, 232.2 ,789.1, 0.0
59.4, 0, 231.7 ,793.0, 0.0
60.0, 0, 231.3 ,797.0, 0.0
60.6, 0, 230.8 ,801.0, 0.0
61.2, 0, 230.3 ,805.0, 0.0
61.8, 0, 229.8 ,808.9, 0.0
62.4, 0, 229.3 ,812.9, 0.0
63.0, 0, 228.8 ,816.9, 0.0
63.6, 0, 228.3 ,820.8, 0.0
64.2, 0, 227.8 ,824.8, 0.0
64.8, 0, 227.4 ,828.8, 0.0
65.4, 0, 226.9 ,832.8, 0.0
66.0, 0, 226.4 ,836.7, 0.0
66.6, 0, 225.9 ,840.7, 0.0
67.2, 0, 225.4 ,844.7, 0.0
67.8, 0, 224.9 ,848.6, 0.0
68.4, 0, 224.4 ,852.6, 0.0
69.0, 0, 223.9 ,856.6, 0.0
69.6, 0, 223.5 ,860.5, 0.0
70.2, 0, 223.0 ,864.5, 0.0
70.8, 0, 222.5 ,868.5, 0.0
71.4, 0, 222.0 ,872.5, 0.0
72.0, 0, 221.5 ,876.4, 0.0
72.6, 0, 221.0 ,880.4, 0.0
73.2, 0, 220.5 ,884.4, 0.0
73.8, 0, 220.0 ,888.3, 0.0
74.4, 0, 219.6 ,892.3, 0.0
75.0, 0, 219.1 ,896.3, 0.0
75.6, 0, 218.6 ,900.2, 0.0
76.2, 0, 218.1 ,904.2, 0.0
76.8, 0, 217.6 ,908.2, 0.0
77.4, 0, 217.1 ,912.2, 0.0
78.0, 0, 216.6 ,916.1, 0.0
78.6, 0, 216.1 ,920.1, 0.0
79.2, 0, 215.7 ,924.1, 0.0
79.8, 0, 215.2 ,928.0, 0.0
80.4, 0, 214.7 ,932.0, 0.0
81.0, 0, 214.2 ,936.0, 0.0
81.6, 0, 213.7 ,939.9, 0.0
82.2, 0, 213.2 ,943.9, 0.0
82.8, 0, 212.7 ,947.9, 0.0
83.4, 0, 212.2 ,951.9, 0.0
84.0, 0, 211.8 ,955.8, 0.0
84.6, 0, 211.3 ,959.8, 0.0
85.2, 0, 210.8 ,963.8, 0.0
85.8, 0, 210.3 ,967.7, 0.0
86.4, 0, 209.8 ,971.7, 0.0
87.0, 0, 209.3 ,975.7, 0.0
87.6, 0, 208.8 ,979.6, 0.0
88.2, 0, 208.3 ,983.6, 0.0
88.8, 0, 207.9 ,987.6, 0.0
89.4, 0, 207.4 ,991.6, 0.0
90.0, 0, 206.9 ,995.5, 0.0
90.6, 0, 206.4 ,999.5, 0.0
91.2, 0, 202.4 ,999.8, 0.0
91.8, 0, 201.1 ,996.0, 0.0
92.4, 0, 199.8 ,992.2, 0.0
93.0, 0, 198.5 ,988.4, 0.0
93.6, 0, 197.2 ,984.6, 0.0
94.2, 0, 195.9 ,980.9, 0.0
94.8, 0, 194.6 ,977.1, 0.0
95.4, 0, 193.3 ,973.3, 0.0
96.0, 0, 192.0 ,969.5, 0.0
96.6, 0, 190.7 ,965.7, 0.0
97.2, 0, 189.4 ,962.0, 0.0
97.8, 0, 188.1 ,958.2, 0.0
98.4, 0, 186.8 ,954.4, 0.0
99.0, 0, 185.5 ,950.6, 0.0
99.6, 0, 184.2 ,946.8, 0.0
100.2, 0, 182.9 ,943.0, 0.0
100.8, 0, 181.6 ,939.3, 0.0
101.4, 0, 180.3 ,935.5, 0.0
102.0, 0, 179.0 ,931.7, 0.0
102.6, 0, 177.7 ,927.9, 0.0
103.2, 0, 176.4 ,924.1, 0.0
103.8, 0, 175.1 ,920.4, 0.0
104.4, 0, 173.8 ,916.6, 0.0
105.0, 0, 172.4 ,912.8, 0.0
105.6, 0, 171.1 ,909.0, 0.0
106.2, 0, 169.8 ,905.2, 0.0
106.8, 0, 168.5 ,901.4, 0.0
107.4, 0, 167.2 ,897.7, 0.0
108.0, 0, 165.9 ,893.9, 0.0
108.6, 0, 164.6 ,890.1, 0.0
109.2, 0, 163.3 ,886.3, 0.0
109.8, 0, 162.0 ,882.5, 0.0
110.4, 0, 160.7 ,878.8, 0.0
111.0, 0, 159.4 ,875.0, 0.0
111.6, 0, 158.1 ,871.2, 0.0
112.2, 0, 156.8 ,867.4, 0.0
112.8, 0, 155.5 ,863.6, 0.0
113.4, 0, 154.2 ,859.8, 0.0
114.0, 0, 152.9 ,856.1, 0.0
114.6, 0, 151.6 ,852.3, 0.0
115.2, 0, 150.3 ,848.5, 0.0
115.8, 0, 149.0 ,844.7, 0.0
116.4, 0, 147.7 ,840.9, 0.0
117.0, 0, 146.4 ,837.1, 0.0
117.6, 0, 145.1 ,833.4, 0.0
118.2, 0, 143.8 ,829.6, 0.0
118.8, 0, 142.5 ,825.8, 0.0
119.4, 0, 141.2 ,822.0, 0.0
120.0, 0, 139.9 ,818.2, 0.0
120.6, 0, 138.6 ,814.5, 0.0
121.2, 0, 137.3 ,810.7, 0.0
121.8, 0, 136.0 ,806.9, 0.0
122.4, 0, 134.7 ,803.1, 0.0
123.0, 0, 133.4 ,799.3, 0.0
123.6, 0, 132.1 ,795.5, 0.0
124.2, 0, 130.8 ,791.8, 0.0
124.8, 0, 129.5 ,788.0, 0.0
125.4, 0, 128.2 ,784.2, 0.0
126.0, 0, 126.9 ,780.4, 0.0
126.6, 0, 125.6 ,776.6, 0.0
127.2, 0, 124.3 ,772.9, 0.0
127.8, 0, 123.0 ,769.1, 0.0
128.4, 0, 121.7 ,765.3, 0.0
129.0, 0, 120.4 ,761.5, 0.0
129.6, 0, 119.1 ,757.7, 0.0
130.2, 0, 117.8 ,753.9, 0.0
130.8, 0, 116.5 ,750.2, 0.0
131.4, 0, 115.1 ,746.4, 0.0
132.0, 0, 113.8 ,742.6, 0.0
132.6, 0, 112.5 ,738.8, 0.0
133.2, 0, 111.2 ,735.0, 0.0
133.8, 0, 109.9 ,731.2, 0.0
134.4, 0, 108.6 ,727.5, 0.0
135.0, 0, 107.3 ,723.7, 0.0
135.6, 0, 106.0 ,719.9, 0.0
136.2, 0, 104.7 ,716.1, 0.0
136.8, 0, 103.4 ,712.3, 0.0
137.4, 0, 102.1 ,708.6, 0.0
138.0, 0, 100.8 ,704.8, 0.0
138.6, 0, 99.5 ,701.0, 0.0
139.2, 0, 98.2 ,697.2, 0.0
139.8, 0, 96.9 ,693.4, 0.0
140.4, 0, 95.6 ,689.6, 0.0
141.0, 0, 94.3 ,685.9, 0.0
141.6, 0, 93.0 ,682.1, 0.0
142.2, 0, 91.7 ,678.3, 0.0
142.8, 0, 90.4 ,674.5, 0.0
143.4, 0, 89.1 ,670.7, 0.0
144.0, 0, 87.8 ,667.0, 0.0
144.6, 0, 86.5 ,663.2, 0.0
145.2, 0, 85.2 ,659.4, 0.0
145.8, 0, 83.9 ,655.6, 0.0
146.4, 0, 82.6 ,651.8, 0.0
147.0, 0, 81.3 ,648.0, 0.0
147.6, 0, 80.0 ,644.3, 0.0
148.2, 0, 78.7 ,640.5, 0.0
148.8, 0, 77.4 ,636.7, 0.0
149.4, 0, 76.1 ,632.9, 0.0
150.0, 0, 74.8 ,629.1, 0.0
150.6, 0, 73.5 ,625.4, 0.0
151.2, 0, 72.2 ,621.6, 0.0
151.8, 0, 70.9 ,617.8, 0.0
152.4, 0, 69.6 ,614.0, 0.0
153.0, 0, 68.3 ,610.2, 0.0
153.6, 0, 67.0 ,606.4, 0.0
154.2, 0, 65.7 ,602.7, 0.0
154.8, 0, 64.4 ,598.9, 0.0
155.4, 0, 63.1 ,595.1, 0.0
156.0, 0, 61.8 ,591.3, 0.0
156.6, 0, 60.5 ,587.5, 0.0
157.2, 0, 59.2 ,583.7, 0.0
157.8, 0, 57.8 ,580.0, 0.0
158.4, 0, 56.5 ,576.2, 0.0
159.0, 0, 55.2 ,572.4, 0.0
159.6, 0, 53.9 ,568.6, 0.0
160.2, 0, 52.6 ,564.8, 0.0
160.8, 0, 51.3 ,561.1, 0.0
161.4, 0, 50.0 ,557.3, 0.0
162.0, 0, 48.7 ,553.5, 0.0
162.6, 0, 47.4 ,549.7, 0.0
163.2, 0, 46.1 ,545.9, 0.0
163.8, 0, 44.8 ,542.1, 0.0
164.4, 0, 43.5 ,538.4, 0.0
165.0, 0, 42.2 ,534.6, 0.0
165.6, 0, 40.9 ,530.8, 0.0
166.2, 0, 39.6 ,527.0, 0.0
166.8, 0, 38.3 ,523.2, 0.0
167.4, 0, 37.0 ,519.5, 0.0
168.0, 0, 35.7 ,515.7, 0.0
168.6, 0, 34.4 ,511.9, 0.0
169.2, 0, 33.1 ,508.1, 0.0
169.8, 0, 31.8 ,504.3, 0.0
170.4, 0, 30.5 ,500.5, 0.0
171.0, 0, 29.2 ,496.8, 0.0
171.6, 0, 27.9 ,493.0, 0.0
172.2, 0, 26.6 ,489.2, 0.0
172.8, 0, 25.3 ,485.4, 0.0
173.4, 0, 24.0 ,481.6, 0.0
174.0, 0, 22.7 ,477.9, 0.0
174.6, 0, 21.4 ,474.1, 0.0
175.2, 0, 20.1 ,470.3, 0.0
175.8, 0, 18.8 ,466.5, 0.0
176.4, 0, 17.5 ,462.7, 0.0
177.0, 0, 16.2 ,458.9, 0.0
177.6, 0, 14.9 ,455.2, 0.0
178.2, 0, 13.6 ,451.4, 0.0
178.8, 0, 12.3 ,447.6, 0.0
179.4, 0, 11.0 ,443.8, 0.0
180.0, 0, 9.7 ,440.0, 0.0
180.6, 0, 8.4 ,436.2, 0.0
181.2, 0, 7.1 ,432.5, 0.0
181.8, 0, 5.8 ,428.7, 0.0
182.4, 0, 4.5 ,424.9, 0.0
183.0, 0, 3.2 ,421.1, 0.0
183.6, 0, 1.9 ,417.3, 0.0
184.2, 0, 0.5 ,413.6, 0.0
184.8, 0, 1.3 ,409.6, 0.0
185.4, 0, 2.1 ,405.7, 0.0
186.0, 0, 2.8 ,401.8, 0.0
186.6, 0, 3.6 ,397.8, 0.0
187.2, 0, 4.4 ,393.9, 0.0
187.8, 0, 5.1 ,390.0, 0.0
188.4, 0, 5.9 ,386.1, 0.0
189.0, 0, 6.7 ,382.1, 0.0
189.6, 0, 7.4 ,378.2, 0.0
190.2, 0, 8.2 ,374.3, 0.0
190.8, 0, 8.9 ,370.4, 0.0
191.4, 0, 9.7 ,366.4, 0.0
192.0, 0, 10.5 ,362.5, 0.0
192.6, 0, 11.2 ,358.6, 0.0
193.2, 0, 12.0 ,354.7, 0.0
193.8, 0, 12.8 ,350.7, 0.0
194.4, 0, 13.5 ,346.8, 0.0
195.0, 0, 14.3 ,342.9, 0.0
195.6, 0, 15.0 ,339.0, 0.0
196.2, 0, 15.8 ,335.0, 0.0
196.8, 0, 16.6 ,331.1, 0.0
197.4, 0, 17.3 ,327.2, 0.0
198.0, 0, 18.1 ,323.2, 0.0
198.6, 0, 18.9 ,319.3, 0.0
199.2, 0, 19.6 ,315.4, 0.0
199.8, 0, 20.4 ,311.5, 0.0
200.4, 0, 21.2 ,307.5, 0.0
201.0, 0, 21.9 ,303.6, 0.0
201.6, 0, 22.7 ,299.7, 0.0
202.2, 0, 23.4 ,295.8, 0.0
202.8, 0, 24.2 ,291.8, 0.0
203.4, 0, 25.0 ,287.9, 0.0
204.0, 0, 25.7 ,284.0, 0.0
204.6, 0, 26.5 ,280.1, 0.0
205.2, 0, 27.3 ,276.1, 0.0
205.8, 0, 28.0 ,272.2, 0.0
206.4, 0, 28.8 ,268.3, 0.0
207.0, 0, 29.6 ,264.3, 0.0
207.6, 0, 30.3 ,260.4, 0.0
208.2, 0, 31.1 ,256.5, 0.0
208.8, 0, 31.8 ,252.6, 0.0
209.4, 0, 32.6 ,248.6, 0.0
210.0, 0, 33.4 ,244.7, 0.0
210.6, 0, 34.1 ,240.8, 0.0
211.2, 0, 34.9 ,236.9, 0.0
211.8, 0, 35.7 ,232.9, 0.0
212.4, 0, 36.4 ,229.0, 0.0
213.0, 0, 37.2 ,225.1, 0.0
213.6, 0, 37.9 ,221.2, 0.0
214.2, 0, 38.7 ,217.2, 0.0
214.8, 0, 39.5 ,213.3, 0.0
215.4, 0, 40.2 ,209.4, 0.0
216.0, 0, 41.0 ,205.5, 0.0
216.6, 0, 41.8 ,201.5, 0.0
217.2, 0, 42.5 ,197.6, 0.0
217.8, 0, 43.3 ,193.7, 0.0
218.4, 0, 44.1 ,189.7, 0.0
219.0, 0, 44.8 ,185.8, 0.0
219.6, 0, 45.6 ,181.9, 0.0
220.2, 0, 46.3 ,178.0, 0.0
220.8, 0, 47.1 ,174.0, 0.0
221.4, 0, 47.9 ,170.1, 0.0
222.0, 0, 48.6 ,166.2, 0.0
222.6, 0, 49.4 ,162.3, 0.0
223.2, 0, 50.2 ,158.3, 0.0
223.8, 0, 50.9 ,154.4, 0.0
224.4, 0, 51.7 ,150.5, 0.0
225.0, 0, 52.4 ,146.6, 0.0
225.6, 0, 53.2 ,142.6, 0.0
226.2, 0, 54.0 ,138.7, 0.0
226.8, 0, 54.7 ,134.8, 0.0
227.4, 0, 55.5 ,130.8, 0.0
228.0, 0, 56.3 ,126.9, 0.0
228.6, 0, 57.0 ,123.0, 0.0
229.2, 0, 57.8 ,119.1, 0.0
229.8, 0, 58.6 ,115.1, 0.0
230.4, 0, 59.3 ,111.2, 0.0
231.0, 0, 60.1 ,107.3, 0.0
231.6, 0, 60.8 ,103.4, 0.0
232.2, 0, 61.6 ,99.4, 0.0
232.8, 0, 62.4 ,95.5, 0.0
233.4, 0, 63.1 ,91.6, 0.0
234.0, 0, 63.9 ,87.7, 0.0
234.6, 0, 64.7 ,83.7, 0.0
235.2, 0, 65.4 ,79.8, 0.0
235.8, 0, 66.2 ,75.9, 0.0
236.4, 0, 66.9 ,71.9, 0.0
237.0, 0, 67.7 ,68.0, 0.0
237.6, 0, 68.5 ,64.1, 0.0
238.2, 0, 69.2 ,60.2, 0.0
238.8, 0, 70.0 ,56.2, 0.0
239.4, 0, 70.8 ,52.3, 0.0
240.0, 0, 71.5 ,48.4, 0.0
240.6, 0, 72.3 ,44.5, 0.0
241.2, 0, 73.1 ,40.5, 0.0
241.8, 0, 73.8 ,36.6, 0.0
242.4, 0, 74.6 ,32.7, 0.0
243.0, 0, 75.3 ,28.8, 0.0
243.6, 0, 76.1 ,24.8, 0.0
244.2, 0, 76.9 ,20.9, 0.0
244.8, 0, 77.6 ,17.0, 0.0
245.4, 0, 78.4 ,13.1, 0.0
246.0, 0, 79.2 ,9.1, 0.0
246.6, 0, 79.9 ,5.2, 0.0
247.2, 0, 80.7 ,1.3, 0.0
247.8, 0, 84.6 ,2.2, 0.0
248.4, 0, 88.5 ,3.1, 0.0
249.0, 0, 92.4 ,4.0, 0.0
249.6, 0, 96.3 ,4.9, 0.0
250.2, 0, 100.2 ,5.8, 0.0
250.8, 0, 104.1 ,6.7, 0.0
251.4, 0, 108.0 ,7.6, 0.0
252.0, 0, 111.9 ,8.5, 0.0
252.6, 0, 115.8 ,9.4, 0.0
253.2, 0, 119.7 ,10.3, 0.0
253.8, 0, 123.6 ,11.2, 0.0
254.4, 0, 127.5 ,12.1, 0.0
255.0, 0, 131.4 ,13.0, 0.0
255.6, 0, 135.3 ,13.9, 0.0
256.2, 0, 139.2 ,14.8, 0.0
256.8, 0, 143.0 ,15.7, 0.0
257.4, 0, 146.9 ,16.6, 0.0
258.0, 0, 150.8 ,17.5, 0.0
258.6, 0, 154.7 ,18.4, 0.0
259.2, 0, 158.6 ,19.3, 0.0
259.8, 0, 162.5 ,20.2, 0.0
260.4, 0, 166.4 ,21.1, 0.0
261.0, 0, 170.3 ,22.0, 0.0
261.6, 0, 174.2 ,22.9, 0.0
262.2, 0, 178.1 ,23.8, 0.0
262.8, 0, 182.0 ,24.7, 0.0
263.4, 0, 185.9 ,25.6, 0.0
264.0, 0, 189.8 ,26.5, 0.0
264.6, 0, 193.7 ,27.4, 0.0
265.2, 0, 197.6 ,28.3, 0.0
265.8, 0, 201.5 ,29.2, 0.0
266.4, 0, 205.4 ,30.1, 0.0
267.0, 0, 209.3 ,31.0, 0.0
267.6, 0, 213.2 ,31.9, 0.0
268.2, 0, 217.1 ,32.8, 0.0
268.8, 0, 221.0 ,33.7, 0.0
269.4, 0, 224.9 ,34.6, 0.0
270.0, 0, 228.8 ,35.5, 0.0
270.6, 0, 232.7 ,36.4, 0.0
271.2, 0, 236.6 ,37.3, 0.0
271.8, 0, 240.5 ,38.2, 0.0
272.4, 0, 244.4 ,39.1, 0.0
273.0, 0, 248.3 ,40.0, 0.0
273.6, 0, 252.2 ,40.9, 0.0
274.2, 0, 256.1 ,41.8, 0.0
274.8, 0, 260.0 ,42.7, 0.0
275.4, 0, 263.9 ,43.6, 0.0
276.0, 0, 267.8 ,44.5, 0.0
276.6, 0, 271.7 ,45.4, 0.0
277.2, 0, 275.6 ,46.3, 0.0
277.8, 0, 279.5 ,47.2, 0.0
278.4, 0, 283.4 ,48.1, 0.0
279.0, 0, 287.3 ,49.0, 0.0
279.6, 0, 291.2 ,49.9, 0.0
280.2, 0, 295.0 ,50.8, 0.0
280.8, 0, 298.9 ,51.7, 0.0
281.4, 0, 302.8 ,52.6, 0.0
282.0, 0, 306.7 ,53.5, 0.0
282.6, 0, 310.6 ,54.4, 0.0
283.2, 0, 314.5 ,55.3, 0.0
283.8, 0, 318.4 ,56.2, 0.0
284.4, 0, 322.3 ,57.1, 0.0
285.0, 0, 326.2 ,58.0, 0.0
285.6, 0, 330.1 ,58.9, 0.0
286.2, 0, 334.0 ,59.8, 0.0
286.8, 0, 337.9 ,60.7, 0.0
287.4, 0, 341.8 ,61.6, 0.0
288.0, 0, 345.7 ,62.5, 0.0
288.6, 0, 349.6 ,63.4, 0.0
289.2, 0, 353.5 ,64.3, 0.0
289.8, 0, 357.4 ,65.2, 0.0
290.4, 0, 361.3 ,66.1, 0.0
291.0, 0, 365.2 ,67.0, 0.0
291.6, 0, 369.1 ,67.9, 0.0
292.2, 0, 373.0 ,68.8, 0.0
292.8, 0, 376.9 ,69.7, 0.0
293.4, 0, 380.8 ,70.6, 0.0
294.0, 0, 384.7 ,71.5, 0.0
294.6, 0, 388.6 ,72.4, 0.0
295.2, 0, 392.5 ,73.3, 0.0
295.8, 0, 396.4 ,74.2, 0.0
296.4, 0, 400.3 ,75.1, 0.0
297.0, 0, 404.2 ,76.0, 0.0
297.6, 0, 408.1 ,76.9, 0.0
298.2, 0, 412.0 ,77.8, 0.0
298.8, 0, 415.9 ,78.7, 0.0
299.4, 0, 419.8 ,79.6, 0.0
300.0, 0, 423.7 ,80.5, 0.0
300.6, 0, 427.6 ,81.4, 0.0
301.2, 0, 431.5 ,82.3, 0.0
301.8, 0, 435.4 ,83.2, 0.0
302.4, 0, 439.3 ,84.1, 0.0
303.0, 0, 443.2 ,85.0, 0.0
303.6, 0, 447.1 ,85.9, 0.0
304.2, 0, 450.9 ,86.8, 0.0
304.8, 0, 454.8 ,87.7, 0.0
305.4, 0, 458.7 ,88.6, 0.0
306.0, 0, 462.6 ,89.5, 0.0
306.6, 0, 466.5 ,90.4, 0.0
307.2, 0, 470.4 ,91.3, 0.0
307.8, 0, 474.3 ,92.2, 0.0
308.4, 0, 478.2 ,93.1, 0.0
309.0, 0, 482.1 ,94.0, 0.0
309.6, 0, 486.0 ,94.9, 0.0
310.2, 0, 489.9 ,95.8, 0.0
310.8, 0, 493.8 ,96.7, 0.0
311.4, 0, 497.7 ,97.6, 0.0
312.0, 0, 501.6 ,98.5, 0.0
312.6, 0, 505.5 ,99.4, 0.0
313.2, 0, 509.4 ,100.3, 0.0
313.8, 0, 513.3 ,101.2, 0.0
314.4, 0, 517.2 ,102.1, 0.0
315.0, 0, 521.1 ,102.9, 0.0
315.6, 0, 525.0 ,103.8, 0.0
316.2, 0, 528.9 ,104.7, 0.0
316.8, 0, 532.8 ,105.6, 0.0
317.4, 0, 536.7 ,106.5, 0.0
318.0, 0, 540.6 ,107.4, 0.0
318.6, 0, 544.5 ,108.3, 0.0
319.2, 0, 548.4 ,109.2, 0.0
319.8, 0, 552.3 ,110.1, 0.0
320.4, 0, 556.2 ,111.0, 0.0
321.0, 0, 560.1 ,111.9, 0.0
321.6, 0, 564.0 ,112.8, 0.0
322.2, 0, 567.9 ,113.7, 0.0
322.8, 0, 571.8 ,114.6, 0.0
323.4, 0, 575.7 ,115.5, 0.0
324.0, 0, 579.6 ,116.4, 0.0
324.6, 0, 583.5 ,117.3, 0.0
325.2, 0, 587.4 ,118.2, 0.0
325.8, 0, 591.3 ,119.1, 0.0
326.4, 0, 595.2 ,120.0, 0.0
327.0, 0, 599.1 ,120.9, 0.0
327.6, 0, 603.0 ,121.8, 0.0
328.2, 0, 606.8 ,122.7, 0.0
328.8, 0, 610.7 ,123.6, 0.0
329.4, 0, 614.6 ,124.5, 0.0
330.0, 0, 618.5 ,125.4, 0.0
330.6, 0, 622.4 ,126.3, 0.0
331.2, 0, 626.3 ,127.2, 0.0
331.8, 0, 630.2 ,128.1, 0.0
332.4, 0, 634.1 ,129.0, 0.0
333.0, 0, 638.0 ,129.9, 0.0
333.6, 0, 641.9 ,130.8, 0.0
334.2, 0, 645.8 ,131.7, 0.0
334.8, 0, 649.7 ,132.6, 0.0
335.4, 0, 653.6 ,133.5, 0.0
336.0, 0, 657.5 ,134.4, 0.0
336.6, 0, 661.4 ,135.3, 0.0
337.2, 0, 665.3 ,136.2, 0.0
337.8, 0, 669.2 ,137.1, 0.0
338.4, 0, 673.1 ,138.0, 0.0
339.0, 0, 677.0 ,138.9, 0.0
339.6, 0, 680.9 ,139.8, 0.0
340.2, 0, 684.8 ,140.7, 0.0
340.8, 0, 688.7 ,141.6, 0.0
341.4, 0, 692.6 ,142.5, 0.0
342.0, 0, 696.5 ,143.4, 0.0
342.6, 0, 700.4 ,144.3, 0.0
343.2, 0, 704.3 ,145.2, 0.0
343.8, 0, 708.2 ,146.1, 0.0
344.4, 0, 712.1 ,147.0, 0.0
345.0, 0, 716.0 ,147.9, 0.0
345.6, 0, 719.9 ,148.8, 0.0
346.2, 0, 723.8 ,149.7, 0.0
346.8, 0, 727.7 ,150.6, 0.0
347.4, 0, 731.6 ,151.5, 0.0
348.0, 0, 735.5 ,152.4, 0.0
348.6, 0, 739.4 ,153.3, 0.0
349.2, 0, 743.3 ,154.2, 0.0
349.8, 0, 747.2 ,155.1, 0.0
350.4, 0, 751.1 ,156.0, 0.0
351.0, 0, 755.0 ,156.9, 0.0
351.6, 0, 758.8 ,157.8, 0.0
352.2, 0, 762.7 ,158.7, 0.0
352.8, 0, 766.6 ,159.6, 0.0
353.4, 0, 770.5 ,160.5, 0.0
354.0, 0, 774.4 ,161.4, 0.0
354.6, 0, 778.3 ,162.3, 0.0
355.2, 0, 782.2 ,163.2, 0.0
355.8, 0, 786.1 ,164.1, 0.0
356.4, 0, 790.0 ,165.0, 0.0
357.0, 0, 793.9 ,165.9, 0.0
357.6, 0, 797.8 ,166.8, 0.0
358.2, 0, 801.7 ,167.7, 0.0
358.8, 0, 805.6 ,168.6, 0.0
359.4, 0, 809.5 ,169.5, 0.0
360.0, 0, 813.4 ,170.4, 0.0
0.0, 2 ,280.0, 400.0 ,0.0
0.6, 2, 277.7 ,403.3, 0.0
1.2, 2, 275.4 ,406.6, 0.0
1.8, 2, 273.1 ,409.8, 0.0
2.4, 2, 270.8 ,413.1, 0.0
3.0, 2, 268.5 ,416.4, 0.0
3.6, 2, 266.2 ,419.7, 0.0
4.2, 2, 263.9 ,422.9, 0.0
4.8, 2, 261.6 ,426.2, 0.0
5.4, 2, 259.4 ,429.5, 0.0
6.0, 2, 257.1 ,432.8, 0.0
6.6, 2, 254.8 ,436.0, 0.0
7.2, 2, 252.5 ,439.3, 0.0
7.8, 2, 250.2 ,442.6, 0.0
8.4, 2, 247.9 ,445.9, 0.0
9.0, 2, 245.6 ,449.1, 0.0
9.6, 2, 243.3 ,452.4, 0.0
10.2, 2, 241.0 ,455.7, 0.0
10.8, 2, 238.7 ,459.0, 0.0
11.4, 2, 236.4 ,462.3, 0.0
12.0, 2, 234.1 ,465.5, 0.0
12.6, 2, 231.8 ,468.8, 0.0
13.2, 2, 229.5 ,472.1, 0.0
13.8, 2, 227.2 ,475.4, 0.0
14.4, 2, 224.9 ,478.6, 0.0
15.0, 2, 222.6 ,481.9, 0.0
15.6, 2, 220.3 ,485.2, 0.0
16.2, 2, 218.1 ,488.5, 0.0
16.8, 2, 215.8 ,491.7, 0.0
17.4, 2, 213.5 ,495.0, 0.0
18.0, 2, 211.2 ,498.3, 0.0
18.6, 2, 208.9 ,501.6, 0.0
19.2, 2, 206.6 ,504.9, 0.0
19.8, 2, 204.3 ,508.1, 0.0
20.4, 2, 202.0 ,511.4, 0.0
21.0, 2, 199.7 ,514.7, 0.0
21.6, 2, 197.4 ,518.0, 0.0
22.2, 2, 195.1 ,521.2, 0.0
22.8, 2, 192.8 ,524.5, 0.0
23.4, 2, 190.5 ,527.8, 0.0
24.0, 2, 188.2 ,531.1, 0.0
24.6, 2, 185.9 ,534.3, 0.0
25.2, 2, 183.6 ,537.6, 0.0
25.8, 2, 181.3 ,540.9, 0.0
26.4, 2, 179.1 ,544.2, 0.0
27.0, 2, 176.8 ,547.4, 0.0
27.6, 2, 174.5 ,550.7, 0.0
28.2, 2, 172.2 ,554.0, 0.0
28.8, 2, 169.9 ,557.3, 0.0
29.4, 2, 167.6 ,560.6, 0.0
30.0, 2, 165.3 ,563.8, 0.0
30.6, 2, 163.0 ,567.1, 0.0
31.2, 2, 160.7 ,570.4, 0.0
31.8, 2, 158.4 ,573.7, 0.0
32.4, 2, 156.1 ,576.9, 0.0
33.0, 2, 153.8 ,580.2, 0.0
33.6, 2, 151.5 ,583.5, 0.0
34.2, 2, 149.2 ,586.8, 0.0
34.8, 2, 146.9 ,590.0, 0.0
35.4, 2, 144.6 ,593.3, 0.0
36.0, 2, 142.3 ,596.6, 0.0
36.6, 2, 140.0 ,599.9, 0.0
37.2, 2, 137.8 ,603.1, 0.0
37.8, 2, 135.5 ,606.4, 0.0
38.4, 2, 133.2 ,609.7, 0.0
39.0, 2, 130.9 ,613.0, 0.0
39.6, 2, 128.6 ,616.3, 0.0
40.2, 2, 126.3 ,619.5, 0.0
40.8, 2, 124.0 ,622.8, 0.0
41.4, 2, 121.7 ,626.1, 0.0
42.0, 2, 119.4 ,629.4, 0.0
42.6, 2, 117.1 ,632.6, 0.0
43.2, 2, 114.8 ,635.9, 0.0
43.8, 2, 112.5 ,639.2, 0.0
44.4, 2, 110.2 ,642.5, 0.0
45.0, 2, 107.9 ,645.7, 0.0
45.6, 2, 105.6 ,649.0, 0.0
46.2, 2, 103.3 ,652.3, 0.0
46.8, 2, 101.0 ,655.6, 0.0
47.4, 2, 98.7 ,658.9, 0.0
48.0, 2, 96.5 ,662.1, 0.0
48.6, 2, 94.2 ,665.4, 0.0
49.2, 2, 91.9 ,668.7, 0.0
49.8, 2, 89.6 ,672.0, 0.0
50.4, 2, 87.3 ,675.2, 0.0
51.0, 2, 85.0 ,678.5, 0.0
51.6, 2, 82.7 ,681.8, 0.0
52.2, 2, 80.4 ,685.1, 0.0
52.8, 2, 78.1 ,688.3, 0.0
53.4, 2, 75.8 ,691.6, 0.0
54.0, 2, 73.5 ,694.9, 0.0
54.6, 2, 71.2 ,698.2, 0.0
55.2, 2, 68.9 ,701.4, 0.0
55.8, 2, 66.6 ,704.7, 0.0
56.4, 2, 64.3 ,708.0, 0.0
57.0, 2, 62.0 ,711.3, 0.0
57.6, 2, 59.7 ,714.6, 0.0
58.2, 2, 57.5 ,717.8, 0.0
58.8, 2, 55.2 ,721.1, 0.0
59.4, 2, 52.9 ,724.4, 0.0
60.0, 2, 50.6 ,727.7, 0.0
60.6, 2, 48.3 ,730.9, 0.0
61.2, 2, 46.0 ,734.2, 0.0
61.8, 2, 43.7 ,737.5, 0.0
62.4, 2, 41.4 ,740.8, 0.0
63.0, 2, 39.1 ,744.0, 0.0
63.6, 2, 36.8 ,747.3, 0.0
64.2, 2, 34.5 ,750.6, 0.0
64.8, 2, 32.2 ,753.9, 0.0
65.4, 2, 29.9 ,757.2, 0.0
66.0, 2, 27.6 ,760.4, 0.0
66.6, 2, 25.3 ,763.7, 0.0
67.2, 2, 23.0 ,767.0, 0.0
67.8, 2, 20.7 ,770.3, 0.0
68.4, 2, 18.4 ,773.5, 0.0
69.0, 2, 16.2 ,776.8, 0.0
69.6, 2, 13.9 ,780.1, 0.0
70.2, 2, 11.6 ,783.4, 0.0
70.8, 2, 9.3 ,786.6, 0.0
71.4, 2, 7.0 ,789.9, 0.0
72.0, 2, 4.7 ,793.2, 0.0
72.6, 2, 2.4 ,796.5, 0.0
73.2, 2, 0.1 ,799.7, 0.0
73.8, 2, 4.1 ,799.5, 0.0
74.4, 2, 8.1 ,799.3, 0.0
75.0, 2, 12.1 ,799.1, 0.0
75.6, 2, 16.1 ,798.9, 0.0
76.2, 2, 20.1 ,798.7, 0.0
76.8, 2, 24.1 ,798.5, 0.0
77.4, 2, 28.1 ,798.3, 0.0
78.0, 2, 32.1 ,798.1, 0.0
78.6, 2, 36.0 ,797.9, 0.0
79.2, 2, 40.0 ,797.7, 0.0
79.8, 2, 44.0 ,797.4, 0.0
80.4, 2, 48.0 ,797.2, 0.0
81.0, 2, 52.0 ,797.0, 0.0
81.6, 2, 56.0 ,796.8, 0.0
82.2, 2, 60.0 ,796.6, 0.0
82.8, 2, 64.0 ,796.4, 0.0
83.4, 2, 68.0 ,796.2, 0.0
84.0, 2, 72.0 ,796.0, 0.0
84.6, 2, 76.0 ,795.8, 0.0
85.2, 2, 80.0 ,795.6, 0.0
85.8, 2, 84.0 ,795.3, 0.0
86.4, 2, 88.0 ,795.1, 0.0
87.0, 2, 92.0 ,794.9, 0.0
87.6, 2, 96.0 ,794.7, 0.0
88.2, 2, 100.0 ,794.5, 0.0
88.8, 2, 104.0 ,794.3, 0.0
89.4, 2, 107.9 ,794.1, 0.0
90.0, 2, 111.9 ,793.9, 0.0
90.6, 2, 115.9 ,793.7, 0.0
91.2, 2, 119.9 ,793.5, 0.0
91.8, 2, 123.9 ,793.3, 0.0
92.4, 2, 127.9 ,793.0, 0.0
93.0, 2, 131.9 ,792.8, 0.0
93.6, 2, 135.9 ,792.6, 0.0
94.2, 2, 139.9 ,792.4, 0.0
94.8, 2, 143.9 ,792.2, 0.0
95.4, 2, 147.9 ,792.0, 0.0
96.0, 2, 151.9 ,791.8, 0.0
96.6, 2, 155.9 ,791.6, 0.0
97.2, 2, 159.9 ,791.4, 0.0
97.8, 2, 163.9 ,791.2, 0.0
98.4, 2, 167.9 ,791.0, 0.0
99.0, 2, 171.9 ,790.7, 0.0
99.6, 2, 175.9 ,790.5, 0.0
100.2, 2, 179.8 ,790.3, 0.0
100.8, 2, 183.8 ,790.1, 0.0
101.4, 2, 187.8 ,789.9, 0.0
102.0, 2, 191.8 ,789.7, 0.0
102.6, 2, 195.8 ,789.5, 0.0
103.2, 2, 199.8 ,789.3, 0.0
103.8, 2, 203.8 ,789.1, 0.0
104.4, 2, 207.8 ,788.9, 0.0
105.0, 2, 211.8 ,788.7, 0.0
105.6, 2, 215.8 ,788.4, 0.0
106.2, 2, 219.8 ,788.2, 0.0
106.8, 2, 223.8 ,788.0, 0.0
107.4, 2, 227.8 ,787.8, 0.0
108.0, 2, 231.8 ,787.6, 0.0
108.6, 2, 235.8 ,787.4, 0.0
109.2, 2, 239.8 ,787.2, 0.0
109.8, 2, 243.8 ,787.0, 0.0
110.4, 2, 247.8 ,786.8, 0.0
111.0, 2, 251.7 ,786.6, 0.0
111.6, 2, 255.7 ,786.3, 0.0
112.2, 2, 259.7 ,786.1, 0.0
112.8, 2, 263.7 ,785.9, 0.0
113.4, 2, 267.7 ,785.7, 0.0
114.0, 2, 271.7 ,785.5, 0.0
114.6, 2, 275.7 ,785.3, 0.0
115.2, 2, 279.7 ,785.1, 0.0
115.8, 2, 283.7 ,784.9, 0.0
116.4, 2, 287.7 ,784.7, 0.0
117.0, 2, 291.7 ,784.5, 0.0
117.6, 2, 295.7 ,784.3, 0.0
118.2, 2, 299.7 ,784.0, 0.0
118.8, 2, 303.7 ,783.8, 0.0
119.4, 2, 307.7 ,783.6, 0.0
120.0, 2, 311.7 ,783.4, 0.0
120.6, 2, 315.7 ,783.2, 0.0
121.2, 2, 319.7 ,783.0, 0.0
121.8, 2, 323.7 ,782.8, 0.0
122.4, 2, 327.6 ,782.6, 0.0
123.0, 2, 331.6 ,782.4, 0.0
123.6, 2, 335.6 ,782.2, 0.0
124.2, 2, 339.6 ,782.0, 0.0
124.8, 2, 343.6 ,781.7, 0.0
125.4, 2, 347.6 ,781.5, 0.0
126.0, 2, 351.6 ,781.3, 0.0
126.6, 2, 355.6 ,781.1, 0.0
127.2, 2, 359.6 ,780.9, 0.0
127.8, 2, 363.6 ,780.7, 0.0
128.4, 2, 367.6 ,780.5, 0.0
129.0, 2, 371.6 ,780.3, 0.0
129.6, 2, 375.6 ,780.1, 0.0
130.2, 2, 379.6 ,779.9, 0.0
130.8, 2, 383.6 ,779.6, 0.0
131.4, 2, 387.6 ,779.4, 0.0
132.0, 2, 391.6 ,779.2, 0.0
132.6, 2, 395.6 ,779.0, 0.0
133.2, 2, 399.5 ,778.8, 0.0
133.8, 2, 403.5 ,778.6, 0.0
134.4, 2, 407.5 ,778.4, 0.0
135.0, 2, 411.5 ,778.2, 0.0
135.6, 2, 415.5 ,778.0, 0.0
136.2, 2, 419.5 ,777.8, 0.0
136.8, 2, 423.5 ,777.6, 0.0
137.4, 2, 427.5 ,777.3, 0.0
138.0, 2, 431.5 ,777.1, 0.0
138.6, 2, 435.5 ,776.9, 0.0
139.2, 2, 439.5 ,776.7, 0.0
139.8, 2, 443.5 ,776.5, 0.0
140.4, 2, 447.5 ,776.3, 0.0
141.0, 2, 451.5 ,776.1, 0.0
141.6, 2, 455.5 ,775.9, 0.0
142.2, 2, 459.5 ,775.7, 0.0
142.8, 2, 463.5 ,775.5, 0.0
143.4, 2, 467.5 ,775.3, 0.0
144.0, 2, 471.4 ,775.0, 0.0
144.6, 2, 475.4 ,774.8, 0.0
145.2, 2, 479.4 ,774.6, 0.0
145.8, 2, 483.4 ,774.4, 0.0
146.4, 2, 487.4 ,774.2, 0.0
147.0, 2, 491.4 ,774.0, 0.0
147.6, 2, 495.4 ,773.8, 0.0
148.2, 2, 499.4 ,773.6, 0.0
148.8, 2, 503.4 ,773.4, 0.0
149.4, 2, 507.4 ,773.2, 0.0
150.0, 2, 511.4 ,773.0, 0.0
150.6, 2, 515.4 ,772.7, 0.0
151.2, 2, 519.4 ,772.5, 0.0
151.8, 2, 523.4 ,772.3, 0.0
152.4, 2, 527.4 ,772.1, 0.0
153.0, 2, 531.4 ,771.9, 0.0
153.6, 2, 535.4 ,771.7, 0.0
154.2, 2, 539.4 ,771.5, 0.0
154.8, 2, 543.3 ,771.3, 0.0
155.4, 2, 547.3 ,771.1, 0.0
156.0, 2, 551.3 ,770.9, 0.0
156.6, 2, 555.3 ,770.6, 0.0
157.2, 2, 559.3 ,770.4, 0.0
157.8, 2, 563.3 ,770.2, 0.0
158.4, 2, 567.3 ,770.0, 0.0
159.0, 2, 571.3 ,769.8, 0.0
159.6, 2, 575.3 ,769.6, 0.0
160.2, 2, 579.3 ,769.4, 0.0
160.8, 2, 583.3 ,769.2, 0.0
161.4, 2, 587.3 ,769.0, 0.0
162.0, 2, 591.3 ,768.8, 0.0
162.6, 2, 595.3 ,768.6, 0.0
163.2, 2, 599.3 ,768.3, 0.0
163.8, 2, 603.3 ,768.1, 0.0
164.4, 2, 607.3 ,767.9, 0.0
165.0, 2, 611.3 ,767.7, 0.0
165.6, 2, 615.3 ,767.5, 0.0
166.2, 2, 619.2 ,767.3, 0.0
166.8, 2, 623.2 ,767.1, 0.0
167.4, 2, 627.2 ,766.9, 0.0
168.0, 2, 631.2 ,766.7, 0.0
168.6, 2, 635.2 ,766.5, 0.0
169.2, 2, 639.2 ,766.3, 0.0
169.8, 2, 643.2 ,766.0, 0.0
170.4, 2, 647.2 ,765.8, 0.0
171.0, 2, 651.2 ,765.6, 0.0
171.6, 2, 655.2 ,765.4, 0.0
172.2, 2, 659.2 ,765.2, 0.0
172.8, 2, 663.2 ,765.0, 0.0
173.4, 2, 667.2 ,764.8, 0.0
174.0, 2, 671.2 ,764.6, 0.0
174.6, 2, 675.2 ,764.4, 0.0
175.2, 2, 679.2 ,764.2, 0.0
175.8, 2, 683.2 ,763.9, 0.0
176.4, 2, 687.2 ,763.7, 0.0
177.0, 2, 691.1 ,763.5, 0.0
177.6, 2, 695.1 ,763.3, 0.0
178.2, 2, 699.1 ,763.1, 0.0
178.8, 2, 703.1 ,762.9, 0.0
179.4, 2, 707.1 ,762.7, 0.0
180.0, 2, 711.1 ,762.5, 0.0
180.6, 2, 715.1 ,762.3, 0.0
181.2, 2, 719.1 ,762.1, 0.0
181.8, 2, 723.1 ,761.9, 0.0
182.4, 2, 727.1 ,761.6, 0.0
183.0, 2, 731.1 ,761.4, 0.0
183.6, 2, 735.1 ,761.2, 0.0
184.2, 2, 739.1 ,761.0, 0.0
184.8, 2, 743.1 ,760.8, 0.0
185.4, 2, 747.1 ,760.6, 0.0
186.0, 2, 751.1 ,760.4, 0.0
186.6, 2, 755.1 ,760.2, 0.0
187.2, 2, 759.1 ,760.0, 0.0
187.8, 2, 763.0 ,759.8, 0.0
188.4, 2, 767.0 ,759.6, 0.0
189.0, 2, 771.0 ,759.3, 0.0
189.6, 2, 775.0 ,759.1, 0.0
190.2, 2, 779.0 ,758.9, 0.0
190.8, 2, 783.0 ,758.7, 0.0
191.4, 2, 787.0 ,758.5, 0.0
192.0, 2, 791.0 ,758.3, 0.0
192.6, 2, 795.0 ,758.1, 0.0
193.2, 2, 799.0 ,757.9, 0.0
193.8, 2, 803.0 ,757.7, 0.0
194.4, 2, 807.0 ,757.5, 0.0
195.0, 2, 811.0 ,757.2, 0.0
195.6, 2, 815.0 ,757.0, 0.0
196.2, 2, 819.0 ,756.8, 0.0
196.8, 2, 823.0 ,756.6, 0.0
197.4, 2, 827.0 ,756.4, 0.0
198.0, 2, 831.0 ,756.2, 0.0
198.6, 2, 834.9 ,756.0, 0.0
199.2, 2, 838.9 ,755.8, 0.0
199.8, 2, 842.9 ,755.6, 0.0
200.4, 2, 846.9 ,755.4, 0.0
201.0, 2, 850.9 ,755.2, 0.0
201.6, 2, 854.9 ,754.9, 0.0
202.2, 2, 858.9 ,754.7, 0.0
202.8, 2, 862.9 ,754.5, 0.0
203.4, 2, 866.9 ,754.3, 0.0
204.0, 2, 870.9 ,754.1, 0.0
204.6, 2, 874.9 ,753.9, 0.0
205.2, 2, 878.9 ,753.7, 0.0
205.8, 2, 882.9 ,753.5, 0.0
206.4, 2, 886.9 ,753.3, 0.0
207.0, 2, 890.9 ,753.1, 0.0
207.6, 2, 894.9 ,752.9, 0.0
208.2, 2, 898.9 ,752.6, 0.0
208.8, 2, 902.9 ,752.4, 0.0
209.4, 2, 906.9 ,752.2, 0.0
210.0, 2, 910.8 ,752.0, 0.0
210.6, 2, 914.8 ,751.8, 0.0
211.2, 2, 918.8 ,751.6, 0.0
211.8, 2, 922.8 ,751.4, 0.0
212.4, 2, 926.8 ,751.2, 0.0
213.0, 2, 930.8 ,751.0, 0.0
213.6, 2, 934.8 ,750.8, 0.0
214.2, 2, 938.8 ,750.6, 0.0
214.8, 2, 942.8 ,750.3, 0.0
215.4, 2, 946.8 ,750.1, 0.0
216.0, 2, 950.8 ,749.9, 0.0
216.6, 2, 954.8 ,749.7, 0.0
217.2, 2, 958.8 ,749.5, 0.0
217.8, 2, 962.8 ,749.3, 0.0
218.4, 2, 966.8 ,749.1, 0.0
219.0, 2, 970.8 ,748.9, 0.0
219.6, 2, 974.8 ,748.7, 0.0
220.2, 2, 978.8 ,748.5, 0.0
220.8, 2, 982.7 ,748.2, 0.0
221.4, 2, 986.7 ,748.0, 0.0
222.0, 2, 990.7 ,747.8, 0.0
222.6, 2, 994.7 ,747.6, 0.0
223.2, 2, 998.7 ,747.4, 0.0
223.8, 2, 996.5 ,744.1, 0.0
224.4, 2, 994.4 ,740.7, 0.0
225.0, 2, 992.2 ,737.3, 0.0
225.6, 2, 990.0 ,734.0, 0.0
226.2, 2, 987.8 ,730.6, 0.0
226.8, 2, 985.7 ,727.3, 0.0
227.4, 2, 983.5 ,723.9, 0.0
228.0, 2, 981.3 ,720.6, 0.0
228.6, 2, 979.1 ,717.2, 0.0
229.2, 2, 976.9 ,713.9, 0.0
229.8, 2, 974.8 ,710.5, 0.0
230.4, 2, 972.6 ,707.2, 0.0
231.0, 2, 970.4 ,703.8, 0.0
231.6, 2, 968.2 ,700.4, 0.0
232.2, 2, 966.0 ,697.1, 0.0
232.8, 2, 963.9 ,693.7, 0.0
233.4, 2, 961.7 ,690.4, 0.0
234.0, 2, 959.5 ,687.0, 0.0
234.6, 2, 957.3 ,683.7, 0.0
235.2, 2, 955.2 ,680.3, 0.0
235.8, 2, 953.0 ,677.0, 0.0
236.4, 2, 950.8 ,673.6, 0.0
237.0, 2, 948.6 ,670.3, 0.0
237.6, 2, 946.4 ,666.9, 0.0
238.2, 2, 944.3 ,663.5, 0.0
238.8, 2, 942.1 ,660.2, 0.0
239.4, 2, 939.9 ,656.8, 0.0
240.0, 2, 937.7 ,653.5, 0.0
240.6, 2, 935.5 ,650.1, 0.0
241.2, 2, 933.4 ,646.8, 0.0
241.8, 2, 931.2 ,643.4, 0.0
242.4, 2, 929.0 ,640.1, 0.0
243.0, 2, 926.8 ,636.7, 0.0
243.6, 2, 924.7 ,633.4, 0.0
244.2, 2, 922.5 ,630.0, 0.0
244.8, 2, 920.3 ,626.6, 0.0
245.4, 2, 918.1 ,623.3, 0.0
246.0, 2, 915.9 ,619.9, 0.0
246.6, 2, 913.8 ,616.6, 0.0
247.2, 2, 911.6 ,613.2, 0.0
247.8, 2, 909.4 ,609.9, 0.0
248.4, 2, 907.2 ,606.5, 0.0
249.0, 2, 905.0 ,603.2, 0.0
249.6, 2, 902.9 ,599.8, 0.0
250.2, 2, 900.7 ,596.4, 0.0
250.8, 2, 898.5 ,593.1, 0.0
251.4, 2, 896.3 ,589.7, 0.0
252.0, 2, 894.2 ,586.4, 0.0
252.6, 2, 892.0 ,583.0, 0.0
253.2, 2, 889.8 ,579.7, 0.0
253.8, 2, 887.6 ,576.3, 0.0
254.4, 2, 885.4 ,573.0, 0.0
255.0, 2, 883.3 ,569.6, 0.0
255.6, 2, 881.1 ,566.3, 0.0
256.2, 2, 878.9 ,562.9, 0.0
256.8, 2, 876.7 ,559.5, 0.0
257.4, 2, 874.5 ,556.2, 0.0
258.0, 2, 872.4 ,552.8, 0.0
258.6, 2, 870.2 ,549.5, 0.0
259.2, 2, 868.0 ,546.1, 0.0
259.8, 2, 865.8 ,542.8, 0.0
260.4, 2, 863.7 ,539.4, 0.0
261.0, 2, 861.5 ,536.1, 0.0
261.6, 2, 859.3 ,532.7, 0.0
262.2, 2, 857.1 ,529.4, 0.0
262.8, 2, 854.9 ,526.0, 0.0
263.4, 2, 852.8 ,522.6, 0.0
264.0, 2, 850.6 ,519.3, 0.0
264.6, 2, 848.4 ,515.9, 0.0
265.2, 2, 846.2 ,512.6, 0.0
265.8, 2, 844.0 ,509.2, 0.0
266.4, 2, 841.9 ,505.9, 0.0
267.0, 2, 839.7 ,502.5, 0.0
267.6, 2, 837.5 ,499.2, 0.0
268.2, 2, 835.3 ,495.8, 0.0
268.8, 2, 833.2 ,492.5, 0.0
269.4, 2, 831.0 ,489.1, 0.0
270.0, 2, 828.8 ,485.7, 0.0
270.6, 2, 826.6 ,482.4, 0.0
271.2, 2, 824.4 ,479.0, 0.0
271.8, 2, 822.3 ,475.7, 0.0
272.4, 2, 820.1 ,472.3, 0.0
273.0, 2, 817.9 ,469.0, 0.0
273.6, 2, 815.7 ,465.6, 0.0
274.2, 2, 813.5 ,462.3, 0.0
274.8, 2, 811.4 ,458.9, 0.0
275.4, 2, 809.2 ,455.6, 0.0
276.0, 2, 807.0 ,452.2, 0.0
276.6, 2, 804.8 ,448.8, 0.0
277.2, 2, 802.7 ,445.5, 0.0
277.8, 2, 800.5 ,442.1, 0.0
278.4, 2, 798.3 ,438.8, 0.0
279.0, 2, 796.1 ,435.4, 0.0
279.6, 2, 793.9 ,432.1, 0.0
280.2, 2, 791.8 ,428.7, 0.0
280.8, 2, 789.6 ,425.4, 0.0
281.4, 2, 787.4 ,422.0, 0.0
282.0, 2, 785.2 ,418.7, 0.0
282.6, 2, 783.0 ,415.3, 0.0
283.2, 2, 780.9 ,411.9, 0.0
283.8, 2, 778.7 ,408.6, 0.0
284.4, 2, 776.5 ,405.2, 0.0
285.0, 2, 774.3 ,401.9, 0.0
285.6, 2, 772.2 ,398.5, 0.0
286.2, 2, 770.0 ,395.2, 0.0
286.8, 2, 767.8 ,391.8, 0.0
287.4, 2, 765.6 ,388.5, 0.0
288.0, 2, 763.4 ,385.1, 0.0
288.6, 2, 761.3 ,381.7, 0.0
289.2, 2, 759.1 ,378.4, 0.0
289.8, 2, 756.9 ,375.0, 0.0
290.4, 2, 754.7 ,371.7, 0.0
291.0, 2, 752.5 ,368.3, 0.0
291.6, 2, 750.4 ,365.0, 0.0
292.2, 2, 748.2 ,361.6, 0.0
292.8, 2, 746.0 ,358.3, 0.0
293.4, 2, 743.8 ,354.9, 0.0
294.0, 2, 741.7 ,351.6, 0.0
294.6, 2, 739.5 ,348.2, 0.0
295.2, 2, 737.3 ,344.8, 0.0
295.8, 2, 735.1 ,341.5, 0.0
296.4, 2, 732.9 ,338.1, 0.0
297.0, 2, 730.8 ,334.8, 0.0
297.6, 2, 728.6 ,331.4, 0.0
298.2, 2, 726.4 ,328.1, 0.0
298.8, 2, 724.2 ,324.7, 0.0
299.4, 2, 722.0 ,321.4, 0.0
300.0, 2, 719.9 ,318.0, 0.0
300.6, 2, 717.7 ,314.7, 0.0
301.2, 2, 715.5 ,311.3, 0.0
301.8, 2, 713.3 ,307.9, 0.0
302.4, 2, 711.2 ,304.6, 0.0
303.0, 2, 709.0 ,301.2, 0.0
303.6, 2, 706.8 ,297.9, 0.0
304.2, 2, 704.6 ,294.5, 0.0
304.8, 2, 702.4 ,291.2, 0.0
305.4, 2, 700.3 ,287.8, 0.0
306.0, 2, 698.1 ,284.5, 0.0
306.6, 2, 695.9 ,281.1, 0.0
307.2, 2, 693.7 ,277.8, 0.0
307.8, 2, 691.5 ,274.4, 0.0
308.4, 2, 689.4 ,271.0, 0.0
309.0, 2, 687.2 ,267.7, 0.0
309.6, 2, 685.0 ,264.3, 0.0
310.2, 2, 682.8 ,261.0, 0.0
310.8, 2, 680.7 ,257.6, 0.0
311.4, 2, 678.5 ,254.3, 0.0
312.0, 2, 676.3 ,250.9, 0.0
312.6, 2, 674.1 ,247.6, 0.0
313.2, 2, 671.9 ,244.2, 0.0
313.8, 2, 669.8 ,240.9, 0.0
314.4, 2, 667.6 ,237.5, 0.0
315.0, 2, 665.4 ,234.1, 0.0
315.6, 2, 663.2 ,230.8, 0.0
316.2, 2, 661.0 ,227.4, 0.0
316.8, 2, 658.9 ,224.1, 0.0
317.4, 2, 656.7 ,220.7, 0.0
318.0, 2, 654.5 ,217.4, 0.0
318.6, 2, 652.3 ,214.0, 0.0
319.2, 2, 650.2 ,210.7, 0.0
319.8, 2, 648.0 ,207.3, 0.0
320.4, 2, 645.8 ,204.0, 0.0
321.0, 2, 643.6 ,200.6, 0.0
321.6, 2, 641.4 ,197.2, 0.0
322.2, 2, 639.3 ,193.9, 0.0
322.8, 2, 637.1 ,190.5, 0.0
323.4, 2, 634.9 ,187.2, 0.0
324.0, 2, 632.7 ,183.8, 0.0
324.6, 2, 630.5 ,180.5, 0.0
325.2, 2, 628.4 ,177.1, 0.0
325.8, 2, 626.2 ,173.8, 0.0
326.4, 2, 624.0 ,170.4, 0.0
327.0, 2, 621.8 ,167.1, 0.0
327.6, 2, 619.7 ,163.7, 0.0
328.2, 2, 617.5 ,160.3, 0.0
328.8, 2, 615.3 ,157.0, 0.0
329.4, 2, 613.1 ,153.6, 0.0
330.0, 2, 610.9 ,150.3, 0.0
330.6, 2, 608.8 ,146.9, 0.0
331.2, 2, 606.6 ,143.6, 0.0
331.8, 2, 604.4 ,140.2, 0.0
332.4, 2, 602.2 ,136.9, 0.0
333.0, 2, 600.0 ,133.5, 0.0
333.6, 2, 597.9 ,130.1, 0.0
334.2, 2, 595.7 ,126.8, 0.0
334.8, 2, 593.5 ,123.4, 0.0
335.4, 2, 591.3 ,120.1, 0.0
336.0, 2, 589.2 ,116.7, 0.0
336.6, 2, 587.0 ,113.4, 0.0
337.2, 2, 584.8 ,110.0, 0.0
337.8, 2, 582.6 ,106.7, 0.0
338.4, 2, 580.4 ,103.3, 0.0
339.0, 2, 578.3 ,100.0, 0.0
339.6, 2, 576.1 ,96.6, 0.0
340.2, 2, 573.9 ,93.2, 0.0
340.8, 2, 571.7 ,89.9, 0.0
341.4, 2, 569.5 ,86.5, 0.0
342.0, 2, 567.4 ,83.2, 0.0
342.6, 2, 565.2 ,79.8, 0.0
343.2, 2, 563.0 ,76.5, 0.0
343.8, 2, 560.8 ,73.1, 0.0
344.4, 2, 558.7 ,69.8, 0.0
345.0, 2, 556.5 ,66.4, 0.0
345.6, 2, 554.3 ,63.1, 0.0
346.2, 2, 552.1 ,59.7, 0.0
346.8, 2, 549.9 ,56.3, 0.0
347.4, 2, 547.8 ,53.0, 0.0
348.0, 2, 545.6 ,49.6, 0.0
348.6, 2, 543.4 ,46.3, 0.0
349.2, 2, 541.2 ,42.9, 0.0
349.8, 2, 539.0 ,39.6, 0.0
350.4, 2, 536.9 ,36.2, 0.0
351.0, 2, 534.7 ,32.9, 0.0
351.6, 2, 532.5 ,29.5, 0.0
352.2, 2, 530.3 ,26.2, 0.0
352.8, 2, 528.2 ,22.8, 0.0
353.4, 2, 526.0 ,19.4, 0.0
354.0, 2, 523.8 ,16.1, 0.0
354.6, 2, 521.6 ,12.7, 0.0
355.2, 2, 519.4 ,9.4, 0.0
355.8, 2, 517.3 ,6.0, 0.0
356.4, 2, 515.1 ,2.7, 0.0
357.0, 2, 518.5 ,4.8, 0.0
357.6, 2, 521.9 ,6.9, 0.0
358.2, 2, 525.3 ,9.0, 0.0
358.8, 2, 528.7 ,11.1, 0.0
359.4, 2, 532.0 ,13.3, 0.0
360.0, 2, 535.4 ,15.4, 0.0
0.0, 4 ,280.0, 400.0 ,0.0
0.6, 4, 278.8 ,396.2, 0.0
1.2, 4, 277.7 ,392.3, 0.0
1.8, 4, 276.5 ,388.5, 0.0
2.4, 4, 275.3 ,384.7, 0.0
3.0, 4, 274.2 ,380.9, 0.0
3.6, 4, 273.0 ,377.0, 0.0
4.2, 4, 271.8 ,373.2, 0.0
4.8, 4, 270.6 ,369.4, 0.0
5.4, 4, 269.5 ,365.6, 0.0
6.0, 4, 268.3 ,361.7, 0.0
6.6, 4, 267.1 ,357.9, 0.0
7.2, 4, 266.0 ,354.1, 0.0
7.8, 4, 264.8 ,350.3, 0.0
8.4, 4, 263.6 ,346.4, 0.0
9.0, 4, 262.5 ,342.6, 0.0
9.6, 4, 261.3 ,338.8, 0.0
10.2, 4, 260.1 ,335.0, 0.0
10.8, 4, 258.9 ,331.1, 0.0
11.4, 4, 257.8 ,327.3, 0.0
12.0, 4, 256.6 ,323.5, 0.0
12.6, 4, 255.4 ,319.7, 0.0
13.2, 4, 254.3 ,315.8, 0.0
13.8, 4, 253.1 ,312.0, 0.0
14.4, 4, 251.9 ,308.2, 0.0
15.0, 4, 250.8 ,304.4, 0.0
15.6, 4, 249.6 ,300.5, 0.0
16.2, 4, 248.4 ,296.7, 0.0
16.8, 4, 247.3 ,292.9, 0.0
17.4, 4, 246.1 ,289.1, 0.0
18.0, 4, 244.9 ,285.2, 0.0
18.6, 4, 243.7 ,281.4, 0.0
19.2, 4, 242.6 ,277.6, 0.0
19.8, 4, 241.4 ,273.8, 0.0
20.4, 4, 240.2 ,269.9, 0.0
21.0, 4, 239.1 ,266.1, 0.0
21.6, 4, 237.9 ,262.3, 0.0
22.2, 4, 236.7 ,258.5, 0.0
22.8, 4, 235.6 ,254.6, 0.0
23.4, 4, 234.4 ,250.8, 0.0
24.0, 4, 233.2 ,247.0, 0.0
24.6, 4, 232.1 ,243.2, 0.0
25.2, 4, 230.9 ,239.3, 0.0
25.8, 4, 229.7 ,235.5, 0.0
26.4, 4, 228.5 ,231.7, 0.0
27.0, 4, 227.4 ,227.9, 0.0
27.6, 4, 226.2 ,224.0, 0.0
28.2, 4, 225.0 ,220.2, 0.0
28.8, 4, 223.9 ,216.4, 0.0
29.4, 4, 222.7 ,212.6, 0.0
30.0, 4, 221.5 ,208.7, 0.0
30.6, 4, 220.4 ,204.9, 0.0
31.2, 4, 219.2 ,201.1, 0.0
31.8, 4, 218.0 ,197.3, 0.0
32.4, 4, 216.8 ,193.4, 0.0
33.0, 4, 215.7 ,189.6, 0.0
33.6, 4, 214.5 ,185.8, 0.0
34.2, 4, 213.3 ,182.0, 0.0
34.8, 4, 212.2 ,178.1, 0.0
35.4, 4, 211.0 ,174.3, 0.0
36.0, 4, 209.8 ,170.5, 0.0
36.6, 4, 208.7 ,166.7, 0.0
37.2, 4, 207.5 ,162.8, 0.0
37.8, 4, 206.3 ,159.0, 0.0
38.4, 4, 205.2 ,155.2, 0.0
39.0, 4, 204.0 ,151.4, 0.0
39.6, 4, 202.8 ,147.5, 0.0
40.2, 4, 201.6 ,143.7, 0.0
40.8, 4, 200.5 ,139.9, 0.0
41.4, 4, 199.3 ,136.1, 0.0
42.0, 4, 198.1 ,132.2, 0.0
42.6, 4, 197.0 ,128.4, 0.0
43.2, 4, 195.8 ,124.6, 0.0
43.8, 4, 194.6 ,120.8, 0.0
44.4, 4, 193.5 ,116.9, 0.0
45.0, 4, 192.3 ,113.1, 0.0
45.6, 4, 191.1 ,109.3, 0.0
46.2, 4, 189.9 ,105.5, 0.0
46.8, 4, 188.8 ,101.6, 0.0
47.4, 4, 187.6 ,97.8, 0.0
48.0, 4, 186.4 ,94.0, 0.0
48.6, 4, 185.3 ,90.2, 0.0
49.2, 4, 184.1 ,86.3, 0.0
49.8, 4, 182.9 ,82.5, 0.0
50.4, 4, 181.8 ,78.7, 0.0
51.0, 4, 180.6 ,74.9, 0.0
51.6, 4, 179.4 ,71.0, 0.0
52.2, 4, 178.3 ,67.2, 0.0
52.8, 4, 177.1 ,63.4, 0.0
53.4, 4, 175.9 ,59.6, 0.0
54.0, 4, 174.7 ,55.7, 0.0
54.6, 4, 173.6 ,51.9, 0.0
55.2, 4, 172.4 ,48.1, 0.0
55.8, 4, 171.2 ,44.3, 0.0
56.4, 4, 170.1 ,40.4, 0.0
57.0, 4, 168.9 ,36.6, 0.0
57.6, 4, 167.7 ,32.8, 0.0
58.2, 4, 166.6 ,29.0, 0.0
58.8, 4, 165.4 ,25.1, 0.0
59.4, 4, 164.2 ,21.3, 0.0
60.0, 4, 163.1 ,17.5, 0.0
60.6, 4, 161.9 ,13.7, 0.0
61.2, 4, 160.7 ,9.8, 0.0
61.8, 4, 159.5 ,6.0, 0.0
62.4, 4, 158.4 ,2.2, 0.0
63.0, 4, 161.3 ,4.9, 0.0
63.6, 4, 164.3 ,7.5, 0.0
64.2, 4, 167.3 ,10.2, 0.0
64.8, 4, 170.3 ,12.9, 0.0
65.4, 4, 173.2 ,15.6, 0.0
66.0, 4, 176.2 ,18.2, 0.0
66.6, 4, 179.2 ,20.9, 0.0
67.2, 4, 182.2 ,23.6, 0.0
67.8, 4, 185.1 ,26.3, 0.0
68.4, 4, 188.1 ,28.9, 0.0
69.0, 4, 191.1 ,31.6, 0.0
69.6, 4, 194.0 ,34.3, 0.0
70.2, 4, 197.0 ,37.0, 0.0
70.8, 4, 200.0 ,39.6, 0.0
71.4, 4, 203.0 ,42.3, 0.0
72.0, 4, 205.9 ,45.0, 0.0
72.6, 4, 208.9 ,47.7, 0.0
73.2, 4, 211.9 ,50.4, 0.0
73.8, 4, 214.9 ,53.0, 0.0
74.4, 4, 217.8 ,55.7, 0.0
75.0, 4, 220.8 ,58.4, 0.0
75.6, 4, 223.8 ,61.1, 0.0
76.2, 4, 226.7 ,63.7, 0.0
76.8, 4, 229.7 ,66.4, 0.0
77.4, 4, 232.7 ,69.1, 0.0
78.0, 4, 235.7 ,71.8, 0.0
78.6, 4, 238.6 ,74.4, 0.0
79.2, 4, 241.6 ,77.1, 0.0
79.8, 4, 244.6 ,79.8, 0.0
80.4, 4, 247.6 ,82.5, 0.0
81.0, 4, 250.5 ,85.1, 0.0
81.6, 4, 253.5 ,87.8, 0.0
82.2, 4, 256.5 ,90.5, 0.0
82.8, 4, 259.4 ,93.2, 0.0
83.4, 4, 262.4 ,95.9, 0.0
84.0, 4, 265.4 ,98.5, 0.0
84.6, 4, 268.4 ,101.2, 0.0
85.2, 4, 271.3 ,103.9, 0.0
85.8, 4, 274.3 ,106.6, 0.0
86.4, 4, 277.3 ,109.2, 0.0
87.0, 4, 280.2 ,111.9, 0.0
87.6, 4, 283.2 ,114.6, 0.0
88.2, 4, 286.2 ,117.3, 0.0
88.8, 4, 289.2 ,119.9, 0.0
89.4, 4, 292.1 ,122.6, 0.0
90.0, 4, 295.1 ,125.3, 0.0
90.6, 4, 298.1 ,128.0, 0.0
91.2, 4, 301.1 ,130.7, 0.0
91.8, 4, 304.0 ,133.3, 0.0
92.4, 4, 307.0 ,136.0, 0.0
93.0, 4, 310.0 ,138.7, 0.0
93.6, 4, 312.9 ,141.4, 0.0
94.2, 4, 315.9 ,144.0, 0.0
94.8, 4, 318.9 ,146.7, 0.0
95.4, 4, 321.9 ,149.4, 0.0
96.0, 4, 324.8 ,152.1, 0.0
96.6, 4, 327.8 ,154.7, 0.0
97.2, 4, 330.8 ,157.4, 0.0
97.8, 4, 333.8 ,160.1, 0.0
98.4, 4, 336.7 ,162.8, 0.0
99.0, 4, 339.7 ,165.4, 0.0
99.6, 4, 342.7 ,168.1, 0.0
100.2, 4, 345.6 ,170.8, 0.0
100.8, 4, 348.6 ,173.5, 0.0
101.4, 4, 351.6 ,176.2, 0.0
102.0, 4, 354.6 ,178.8, 0.0
102.6, 4, 357.5 ,181.5, 0.0
103.2, 4, 360.5 ,184.2, 0.0
103.8, 4, 363.5 ,186.9, 0.0
104.4, 4, 366.5 ,189.5, 0.0
105.0, 4, 369.4 ,192.2, 0.0
105.6, 4, 372.4 ,194.9, 0.0
106.2, 4, 375.4 ,197.6, 0.0
106.8, 4, 378.3 ,200.2, 0.0
107.4, 4, 381.3 ,202.9, 0.0
108.0, 4, 384.3 ,205.6, 0.0
108.6, 4, 387.3 ,208.3, 0.0
109.2, 4, 390.2 ,210.9, 0.0
109.8, 4, 393.2 ,213.6, 0.0
110.4, 4, 396.2 ,216.3, 0.0
111.0, 4, 399.2 ,219.0, 0.0
111.6, 4, 402.1 ,221.7, 0.0
112.2, 4, 405.1 ,224.3, 0.0
112.8, 4, 408.1 ,227.0, 0.0
113.4, 4, 411.0 ,229.7, 0.0
114.0, 4, 414.0 ,232.4, 0.0
114.6, 4, 417.0 ,235.0, 0.0
115.2, 4, 420.0 ,237.7, 0.0
115.8, 4, 422.9 ,240.4, 0.0
116.4, 4, 425.9 ,243.1, 0.0
117.0, 4, 428.9 ,245.7, 0.0
117.6, 4, 431.9 ,248.4, 0.0
118.2, 4, 434.8 ,251.1, 0.0
118.8, 4, 437.8 ,253.8, 0.0
119.4, 4, 440.8 ,256.4, 0.0
120.0, 4, 443.7 ,259.1, 0.0
120.6, 4, 446.7 ,261.8, 0.0
121.2, 4, 449.7 ,264.5, 0.0
121.8, 4, 452.7 ,267.2, 0.0
122.4, 4, 455.6 ,269.8, 0.0
123.0, 4, 458.6 ,272.5, 0.0
123.6, 4, 461.6 ,275.2, 0.0
124.2, 4, 464.5 ,277.9, 0.0
124.8, 4, 467.5 ,280.5, 0.0
125.4, 4, 470.5 ,283.2, 0.0
126.0, 4, 473.5 ,285.9, 0.0
126.6, 4, 476.4 ,288.6, 0.0
127.2, 4, 479.4 ,291.2, 0.0
127.8, 4, 482.4 ,293.9, 0.0
128.4, 4, 485.4 ,296.6, 0.0
129.0, 4, 488.3 ,299.3, 0.0
129.6, 4, 491.3 ,301.9, 0.0
130.2, 4, 494.3 ,304.6, 0.0
130.8, 4, 497.2 ,307.3, 0.0
131.4, 4, 500.2 ,310.0, 0.0
132.0, 4, 503.2 ,312.7, 0.0
132.6, 4, 506.2 ,315.3, 0.0
133.2, 4, 509.1 ,318.0, 0.0
133.8, 4, 512.1 ,320.7, 0.0
134.4, 4, 515.1 ,323.4, 0.0
135.0, 4, 518.1 ,326.0, 0.0
135.6, 4, 521.0 ,328.7, 0.0
136.2, 4, 524.0 ,331.4, 0.0
136.8, 4, 527.0 ,334.1, 0.0
137.4, 4, 529.9 ,336.7, 0.0
138.0, 4, 532.9 ,339.4, 0.0
138.6, 4, 535.9 ,342.1, 0.0
139.2, 4, 538.9 ,344.8, 0.0
139.8, 4, 541.8 ,347.4, 0.0
140.4, 4, 544.8 ,350.1, 0.0
141.0, 4, 547.8 ,352.8, 0.0
141.6, 4, 550.8 ,355.5, 0.0
142.2, 4, 553.7 ,358.2, 0.0
142.8, 4, 556.7 ,360.8, 0.0
143.4, 4, 559.7 ,363.5, 0.0
144.0, 4, 562.6 ,366.2, 0.0
144.6, 4, 565.6 ,368.9, 0.0
145.2, 4, 568.6 ,371.5, 0.0
145.8, 4, 571.6 ,374.2, 0.0
146.4, 4, 574.5 ,376.9, 0.0
147.0, 4, 577.5 ,379.6, 0.0
147.6, 4, 580.5 ,382.2, 0.0
148.2, 4, 583.5 ,384.9, 0.0
148.8, 4, 586.4 ,387.6, 0.0
149.4, 4, 589.4 ,390.3, 0.0
150.0, 4, 592.4 ,392.9, 0.0
150.6, 4, 595.3 ,395.6, 0.0
151.2, 4, 598.3 ,398.3, 0.0
151.8, 4, 601.3 ,401.0, 0.0
152.4, 4, 604.3 ,403.7, 0.0
153.0, 4, 607.2 ,406.3, 0.0
153.6, 4, 610.2 ,409.0, 0.0
154.2, 4, 613.2 ,411.7, 0.0
154.8, 4, 616.2 ,414.4, 0.0
155.4, 4, 619.1 ,417.0, 0.0
156.0, 4, 622.1 ,419.7, 0.0
156.6, 4, 625.1 ,422.4, 0.0
157.2, 4, 628.0 ,425.1, 0.0
157.8, 4, 631.0 ,427.7, 0.0
158.4, 4, 634.0 ,430.4, 0.0
159.0, 4, 637.0 ,433.1, 0.0
159.6, 4, 639.9 ,435.8, 0.0
160.2, 4, 642.9 ,438.5, 0.0
160.8, 4, 645.9 ,441.1, 0.0
161.4, 4, 648.8 ,443.8, 0.0
162.0, 4, 651.8 ,446.5, 0.0
162.6, 4, 654.8 ,449.2, 0.0
163.2, 4, 657.8 ,451.8, 0.0
163.8, 4, 660.7 ,454.5, 0.0
164.4, 4, 663.7 ,457.2, 0.0
165.0, 4, 666.7 ,459.9, 0.0
165.6, 4, 669.7 ,462.5, 0.0
166.2, 4, 672.6 ,465.2, 0.0
166.8, 4, 675.6 ,467.9, 0.0
167.4, 4, 678.6 ,470.6, 0.0
168.0, 4, 681.5 ,473.2, 0.0
168.6, 4, 684.5 ,475.9, 0.0
169.2, 4, 687.5 ,478.6, 0.0
169.8, 4, 690.5 ,481.3, 0.0
170.4, 4, 693.4 ,484.0, 0.0
171.0, 4, 696.4 ,486.6, 0.0
171.6, 4, 699.4 ,489.3, 0.0
172.2, 4, 702.4 ,492.0, 0.0
172.8, 4, 705.3 ,494.7, 0.0
173.4, 4, 708.3 ,497.3, 0.0
174.0, 4, 711.3 ,500.0, 0.0
174.6, 4, 714.2 ,502.7, 0.0
175.2, 4, 717.2 ,505.4, 0.0
175.8, 4, 720.2 ,508.0, 0.0
176.4, 4, 723.2 ,510.7, 0.0
177.0, 4, 726.1 ,513.4, 0.0
177.6, 4, 729.1 ,516.1, 0.0
178.2, 4, 732.1 ,518.7, 0.0
178.8, 4, 735.1 ,521.4, 0.0
179.4, 4, 738.0 ,524.1, 0.0
180.0, 4, 741.0 ,526.8, 0.0
180.6, 4, 744.0 ,529.5, 0.0
181.2, 4, 746.9 ,532.1, 0.0
181.8, 4, 749.9 ,534.8, 0.0
182.4, 4, 752.9 ,537.5, 0.0
183.0, 4, 755.9 ,540.2, 0.0
183.6, 4, 758.8 ,542.8, 0.0
184.2, 4, 761.8 ,545.5, 0.0
184.8, 4, 764.8 ,548.2, 0.0
185.4, 4, 767.8 ,550.9, 0.0
186.0, 4, 770.7 ,553.5, 0.0
186.6, 4, 773.7 ,556.2, 0.0
187.2, 4, 776.7 ,558.9, 0.0
187.8, 4, 779.6 ,561.6, 0.0
188.4, 4, 782.6 ,564.2, 0.0
189.0, 4, 785.6 ,566.9, 0.0
189.6, 4, 788.6 ,569.6, 0.0
190.2, 4, 791.5 ,572.3, 0.0
190.8, 4, 794.5 ,575.0, 0.0
191.4, 4, 797.5 ,577.6, 0.0
192.0, 4, 800.5 ,580.3, 0.0
192.6, 4, 803.4 ,583.0, 0.0
193.2, 4, 806.4 ,585.7, 0.0
193.8, 4, 809.4 ,588.3, 0.0
194.4, 4, 812.3 ,591.0, 0.0
195.0, 4, 815.3 ,593.7, 0.0
195.6, 4, 818.3 ,596.4, 0.0
196.2, 4, 821.3 ,599.0, 0.0
196.8, 4, 824.2 ,601.7, 0.0
197.4, 4, 827.2 ,604.4, 0.0
198.0, 4, 830.2 ,607.1, 0.0
198.6, 4, 833.1 ,609.7, 0.0
199.2, 4, 836.1 ,612.4, 0.0
199.8, 4, 839.1 ,615.1, 0.0
200.4, 4, 842.1 ,617.8, 0.0
201.0, 4, 845.0 ,620.5, 0.0
201.6, 4, 848.0 ,623.1, 0.0
202.2, 4, 851.0 ,625.8, 0.0
202.8, 4, 854.0 ,628.5, 0.0
203.4, 4, 856.9 ,631.2, 0.0
204.0, 4, 859.9 ,633.8, 0.0
204.6, 4, 862.9 ,636.5, 0.0
205.2, 4, 865.8 ,639.2, 0.0
205.8, 4, 868.8 ,641.9, 0.0
206.4, 4, 871.8 ,644.5, 0.0
207.0, 4, 874.8 ,647.2, 0.0
207.6, 4, 877.7 ,649.9, 0.0
208.2, 4, 880.7 ,652.6, 0.0
208.8, 4, 883.7 ,655.2, 0.0
209.4, 4, 886.7 ,657.9, 0.0
210.0, 4, 889.6 ,660.6, 0.0
210.6, 4, 892.6 ,663.3, 0.0
211.2, 4, 895.6 ,666.0, 0.0
211.8, 4, 898.5 ,668.6, 0.0
212.4, 4, 901.5 ,671.3, 0.0
213.0, 4, 904.5 ,674.0, 0.0
213.6, 4, 907.5 ,676.7, 0.0
214.2, 4, 910.4 ,679.3, 0.0
214.8, 4, 913.4 ,682.0, 0.0
215.4, 4, 916.4 ,684.7, 0.0
216.0, 4, 919.4 ,687.4, 0.0
216.6, 4, 922.3 ,690.0, 0.0
217.2, 4, 925.3 ,692.7, 0.0
217.8, 4, 928.3 ,695.4, 0.0
218.4, 4, 931.2 ,698.1, 0.0
219.0, 4, 934.2 ,700.7, 0.0
219.6, 4, 937.2 ,703.4, 0.0
220.2, 4, 940.2 ,706.1, 0.0
220.8, 4, 943.1 ,708.8, 0.0
221.4, 4, 946.1 ,711.5, 0.0
222.0, 4, 949.1 ,714.1, 0.0
222.6, 4, 952.1 ,716.8, 0.0
223.2, 4, 955.0 ,719.5, 0.0
223.8, 4, 958.0 ,722.2, 0.0
224.4, 4, 961.0 ,724.8, 0.0
225.0, 4, 963.9 ,727.5, 0.0
225.6, 4, 966.9 ,730.2, 0.0
226.2, 4, 969.9 ,732.9, 0.0
226.8, 4, 972.9 ,735.5, 0.0
227.4, 4, 975.8 ,738.2, 0.0
228.0, 4, 978.8 ,740.9, 0.0
228.6, 4, 981.8 ,743.6, 0.0
229.2, 4, 984.8 ,746.3, 0.0
229.8, 4, 987.7 ,748.9, 0.0
230.4, 4, 990.7 ,751.6, 0.0
231.0, 4, 993.7 ,754.3, 0.0
231.6, 4, 996.6 ,757.0, 0.0
232.2, 4, 999.6 ,759.6, 0.0
232.8, 4, 999.6 ,763.6, 0.0
233.4, 4, 999.6 ,767.6, 0.0
234.0, 4, 999.6 ,771.6, 0.0
234.6, 4, 999.6 ,775.6, 0.0
235.2, 4, 999.6 ,779.6, 0.0
235.8, 4, 999.6 ,783.6, 0.0
236.4, 4, 999.6 ,787.6, 0.0
237.0, 4, 999.6 ,791.6, 0.0
237.6, 4, 999.6 ,795.6, 0.0
238.2, 4, 999.6 ,799.6, 0.0
238.8, 4, 999.6 ,803.6, 0.0
239.4, 4, 999.6 ,807.6, 0.0
240.0, 4, 999.6 ,811.6, 0.0
240.6, 4, 999.6 ,815.6, 0.0
241.2, 4, 999.6 ,819.6, 0.0
241.8, 4, 999.6 ,823.6, 0.0
242.4, 4, 999.6 ,827.6, 0.0
243.0, 4, 999.6 ,831.6, 0.0
243.6, 4, 999.6 ,835.6, 0.0
244.2, 4, 999.6 ,839.6, 0.0
244.8, 4, 999.6 ,843.6, 0.0
245.4, 4, 999.6 ,847.6, 0.0
246.0, 4, 999.6 ,851.6, 0.0
246.6, 4, 999.6 ,855.6, 0.0
247.2, 4, 999.6 ,859.6, 0.0
247.8, 4, 999.6 ,863.6, 0.0
248.4, 4, 999.6 ,867.6, 0.0
249.0, 4, 999.6 ,871.6, 0.0
249.6, 4, 999.6 ,875.6, 0.0
250.2, 4, 999.6 ,879.6, 0.0
250.8, 4, 999.6 ,883.6, 0.0
251.4, 4, 999.6 ,887.6, 0.0
252.0, 4, 999.6 ,891.6, 0.0
252.6, 4, 999.6 ,895.6, 0.0
253.2, 4, 999.6 ,899.6, 0.0
253.8, 4, 999.6 ,903.6, 0.0
254.4, 4, 999.6 ,907.6, 0.0
255.0, 4, 999.6 ,911.6, 0.0
255.6, 4, 999.6 ,915.6, 0.0
256.2, 4, 999.6 ,919.6, 0.0
256.8, 4, 999.6 ,923.6, 0.0
257.4, 4, 999.6 ,927.6, 0.0
258.0, 4, 999.6 ,931.6, 0.0
258.6, 4, 999.6 ,935.6, 0.0
259.2, 4, 999.6 ,939.6, 0.0
259.8, 4, 999.6 ,943.6, 0.0
260.4, 4, 999.6 ,947.6, 0.0
261.0, 4, 999.6 ,951.6, 0.0
261.6, 4, 999.6 ,955.6, 0.0
262.2, 4, 999.6 ,959.6, 0.0
262.8, 4, 999.6 ,963.6, 0.0
263.4, 4, 999.6 ,967.6, 0.0
264.0, 4, 999.6 ,971.6, 0.0
264.6, 4, 999.6 ,975.6, 0.0
265.2, 4, 999.6 ,979.6, 0.0
265.8, 4, 999.6 ,983.6, 0.0
266.4, 4, 999.6 ,987.6, 0.0
267.0, 4, 999.6 ,991.6, 0.0
267.6, 4, 999.6 ,995.6, 0.0
268.2, 4, 999.6 ,999.6, 0.0
268.8, 4, 999.8 ,995.6, 0.0
269.4, 4, 999.9 ,991.6, 0.0
270.0, 4, 998.1 ,995.2, 0.0
270.6, 4, 996.3 ,998.8, 0.0
271.2, 4, 999.5 ,996.4, 0.0
271.8, 4, 997.1 ,999.7, 0.0
272.4, 4, 993.4 ,998.2, 0.0
273.0, 4, 989.7 ,996.7, 0.0
273.6, 4, 986.0 ,995.2, 0.0
274.2, 4, 982.3 ,993.7, 0.0
274.8, 4, 978.6 ,992.2, 0.0
275.4, 4, 974.9 ,990.7, 0.0
276.0, 4, 971.2 ,989.2, 0.0
276.6, 4, 967.5 ,987.7, 0.0
277.2, 4, 963.8 ,986.2, 0.0
277.8, 4, 960.1 ,984.7, 0.0
278.4, 4, 956.3 ,983.2, 0.0
279.0, 4, 952.6 ,981.7, 0.0
279.6, 4, 948.9 ,980.2, 0.0
280.2, 4, 945.2 ,978.7, 0.0
280.8, 4, 941.5 ,977.2, 0.0
281.4, 4, 937.8 ,975.7, 0.0
282.0, 4, 934.1 ,974.2, 0.0
282.6, 4, 930.4 ,972.7, 0.0
283.2, 4, 926.7 ,971.2, 0.0
283.8, 4, 923.0 ,969.7, 0.0
284.4, 4, 919.3 ,968.2, 0.0
285.0, 4, 915.6 ,966.7, 0.0
285.6, 4, 911.8 ,965.2, 0.0
286.2, 4, 908.1 ,963.7, 0.0
286.8, 4, 904.4 ,962.2, 0.0
287.4, 4, 900.7 ,960.7, 0.0
288.0, 4, 897.0 ,959.2, 0.0
288.6, 4, 893.3 ,957.7, 0.0
289.2, 4, 889.6 ,956.2, 0.0
289.8, 4, 885.9 ,954.7, 0.0
290.4, 4, 882.2 ,953.2, 0.0
291.0, 4, 878.5 ,951.7, 0.0
291.6, 4, 874.8 ,950.2, 0.0
292.2, 4, 871.0 ,948.7, 0.0
292.8, 4, 867.3 ,947.2, 0.0
293.4, 4, 863.6 ,945.7, 0.0
294.0, 4, 859.9 ,944.2, 0.0
294.6, 4, 856.2 ,942.7, 0.0
295.2, 4, 852.5 ,941.2, 0.0
295.8, 4, 848.8 ,939.7, 0.0
296.4, 4, 845.1 ,938.2, 0.0
297.0, 4, 841.4 ,936.7, 0.0
297.6, 4, 837.7 ,935.2, 0.0
298.2, 4, 834.0 ,933.7, 0.0
298.8, 4, 830.3 ,932.2, 0.0
299.4, 4, 826.5 ,930.7, 0.0
300.0, 4, 822.8 ,929.2, 0.0
300.6, 4, 819.1 ,927.7, 0.0
301.2, 4, 815.4 ,926.2, 0.0
301.8, 4, 811.7 ,924.7, 0.0
302.4, 4, 808.0 ,923.2, 0.0
303.0, 4, 804.3 ,921.7, 0.0
303.6, 4, 800.6 ,920.2, 0.0
304.2, 4, 796.9 ,918.7, 0.0
304.8, 4, 793.2 ,917.2, 0.0
305.4, 4, 789.5 ,915.7, 0.0
306.0, 4, 785.7 ,914.2, 0.0
306.6, 4, 782.0 ,912.7, 0.0
307.2, 4, 778.3 ,911.2, 0.0
307.8, 4, 774.6 ,909.7, 0.0
308.4, 4, 770.9 ,908.2, 0.0
309.0, 4, 767.2 ,906.7, 0.0
309.6, 4, 763.5 ,905.3, 0.0
310.2, 4, 759.8 ,903.8, 0.0
310.8, 4, 756.1 ,902.3, 0.0
311.4, 4, 752.4 ,900.8, 0.0
312.0, 4, 748.7 ,899.3, 0.0
312.6, 4, 745.0 ,897.8, 0.0
313.2, 4, 741.2 ,896.3, 0.0
313.8, 4, 737.5 ,894.8, 0.0
314.4, 4, 733.8 ,893.3, 0.0
315.0, 4, 730.1 ,891.8, 0.0
315.6, 4, 726.4 ,890.3, 0.0
316.2, 4, 722.7 ,888.8, 0.0
316.8, 4, 719.0 ,887.3, 0.0
317.4, 4, 715.3 ,885.8, 0.0
318.0, 4, 711.6 ,884.3, 0.0
318.6, 4, 707.9 ,882.8, 0.0
319.2, 4, 704.2 ,881.3, 0.0
319.8, 4, 700.4 ,879.8, 0.0
320.4, 4, 696.7 ,878.3, 0.0
321.0, 4, 693.0 ,876.8, 0.0
321.6, 4, 689.3 ,875.3, 0.0
322.2, 4, 685.6 ,873.8, 0.0
322.8, 4, 681.9 ,872.3, 0.0
323.4, 4, 678.2 ,870.8, 0.0
324.0, 4, 674.5 ,869.3, 0.0
324.6, 4, 670.8 ,867.8, 0.0
325.2, 4, 667.1 ,866.3, 0.0
325.8, 4, 663.4 ,864.8, 0.0
326.4, 4, 659.7 ,863.3, 0.0
327.0, 4, 655.9 ,861.8, 0.0
327.6, 4, 652.2 ,860.3, 0.0
328.2, 4, 648.5 ,858.8, 0.0
328.8, 4, 644.8 ,857.3, 0.0
329.4, 4, 641.1 ,855.8, 0.0
330.0, 4, 637.4 ,854.3, 0.0
330.6, 4, 633.7 ,852.8, 0.0
331.2, 4, 630.0 ,851.3, 0.0
331.8, 4, 626.3 ,849.8, 0.0
332.4, 4, 622.6 ,848.3, 0.0
333.0, 4, 618.9 ,846.8, 0.0
333.6, 4, 615.1 ,845.3, 0.0
334.2, 4, 611.4 ,843.8, 0.0
334.8, 4, 607.7 ,842.3, 0.0
335.4, 4, 604.0 ,840.8, 0.0
336.0, 4, 600.3 ,839.3, 0.0
336.6, 4, 596.6 ,837.8, 0.0
337.2, 4, 592.9 ,836.3, 0.0
337.8, 4, 589.2 ,834.8, 0.0
338.4, 4, 585.5 ,833.3, 0.0
339.0, 4, 581.8 ,831.8, 0.0
339.6, 4, 578.1 ,830.3, 0.0
340.2, 4, 574.3 ,828.8, 0.0
340.8, 4, 570.6 ,827.3, 0.0
341.4, 4, 566.9 ,825.8, 0.0
342.0, 4, 563.2 ,824.3, 0.0
342.6, 4, 559.5 ,822.8, 0.0
343.2, 4, 555.8 ,821.3, 0.0
343.8, 4, 552.1 ,819.8, 0.0
344.4, 4, 548.4 ,818.3, 0.0
345.0, 4, 544.7 ,816.8, 0.0
345.6, 4, 541.0 ,815.3, 0.0
346.2, 4, 537.3 ,813.8, 0.0
346.8, 4, 533.6 ,812.3, 0.0
347.4, 4, 529.8 ,810.8, 0.0
348.0, 4, 526.1 ,809.4, 0.0
348.6, 4, 522.4 ,807.9, 0.0
349.2, 4, 518.7 ,806.4, 0.0
349.8, 4, 515.0 ,804.9, 0.0
350.4, 4, 511.3 ,803.4, 0.0
351.0, 4, 507.6 ,801.9, 0.0
351.6, 4, 503.9 ,800.4, 0.0
352.2, 4, 500.2 ,798.9, 0.0
352.8, 4, 496.5 ,797.4, 0.0
353.4, 4, 492.8 ,795.9, 0.0
354.0, 4, 489.0 ,794.4, 0.0
354.6, 4, 485.3 ,792.9, 0.0
355.2, 4, 481.6 ,791.4, 0.0
355.8, 4, 477.9 ,789.9, 0.0
356.4, 4, 474.2 ,788.4, 0.0
357.0, 4, 470.5 ,786.9, 0.0
357.6, 4, 466.8 ,785.4, 0.0
358.2, 4, 463.1 ,783.9, 0.0
358.8, 4, 459.4 ,782.4, 0.0
359.4, 4, 455.7 ,780.9, 0.0
360.0, 4, 452.0 ,779.4, 0.0